001_init.sql	OK	
002_add_primary_allocation.sql	OK	
003_server_manage_fields.sql	OK	
004_server_transfer_state.sql	OK	
005_server_transfer_lifecycle.sql	OK	
006_transfer_run_token.sql	OK	
007_postgres_core_foundation.sql	OK	
008_server_schedules.sql	OK	
009_schedule_run_history.sql	OK	
010_node_heartbeat.sql	OK	
011_wings_config_install.sql	OK	
012_wings_node_parity.sql	OK	
013_startup_variables.sql	OK	
014_server_databases.sql	OK	
015_a_mounts.sql	OK	
015_db_hosts_constraints.sql	OK	
015_mounts.sql	OK	
016_subusers_panel_parity.sql	OK	
017_api_keys.sql	OK	
018_a_ssh_2fa_activity.sql	OK	
018_api_key_scopes.sql	OK	
018_ssh_2fa_activity.sql	OK	
019_backups.sql	OK	
020_a_regions_multi_node_foundation.sql	OK	
020_node_expansion.sql	OK	
020_regions_multi_node_foundation.sql	OK	
021_true_state_persistence.sql	OK	
022_evacuation_planner.sql	OK	
023_migration_engine.sql	OK	
024_observability_foundation.sql	OK	
025_heartbeat_expiry_engine.sql	OK	
026_placement_reservations.sql	OK	
027_recovery_coordinator.sql	OK	
028_server_provisioning_parity.sql	OK	
032_panel_settings.sql	OK	
033_panel_settings_mail_and_advanced.sql	OK	
034_user_resource_limits.sql	OK	
035_oauth2_clients.sql	OK	
036_plugins.sql	OK	
037_panel_settings_expansion.sql	OK	
038_password_reset_tokens.sql	OK	
039_webhooks.sql	OK	
040_truthful_server_lifecycle.sql	OK	
041_a_placement_intents.sql	OK	
041_auth_session_security.sql	OK	
042_database_provisioning_security.sql	OK	
043_unify_eggs_templates_mounts.sql	OK	
044_a_cloud_node_links.sql	OK	
044_async_delivery_foundation.sql	OK	
044_cloud_node_links.sql	OK	
045_real_server_transfer.sql	OK	
046_encrypt_operational_secrets.sql	OK	
047_2fa_enhancements.sql	OK	
048_s3_backup_config.sql	OK	
049_backup_locking.sql	OK	
050_subuser_invitations.sql	OK	
051_backup_status_tracking.sql	OK	
052_schedule_timezone.sql	OK	
053_account_sessions.sql	OK	
054_a_social_auth.sql	OK	
054_activity_events.sql	OK	
054_social_auth.sql	OK	
055_plugin_metadata.sql	OK	
056_mail_notification_triggers.sql	OK	
057_a_job_queue.sql	OK	
057_b_webauthn.sql	OK	
057_backup_policies.sql	OK	
057_job_queue.sql	OK	
057_webauthn.sql	OK	
058_rate_limit_settings.sql	OK	
059_server_crash_events.sql	OK	
060_region_slug_normalization.sql	FAIL	psql:/Users/riyaz/forge-plane/forge-test/forge/api/migrations/060_region_slug_normalization.sql:11: ERROR: new row for relation "regions" violates check constraint "regions_slug_format_check" 
077_add_runtime_status_to_nodes.sql	OK	
078_node_description.sql	OK	
079_evacuation_execution.sql	OK	
080_a_recovery_execution_statuses.sql	OK	
080_recovery_backup_execution.sql	OK	
080_recovery_execution_statuses.sql	OK	
081_social_provider_configuration.sql	OK	
082_a_failover.sql	OK	
082_b_target_groups.sql	OK	
082_deployments.sql	OK	
082_failover.sql	OK	
082_target_groups.sql	OK	
083_a_traffic_rules.sql	OK	
083_autoscaler.sql	OK	
083_traffic_rules.sql	OK	
084_create_missing_tables.sql	OK	
085_node_public_flag.sql	OK	
086_add_table_constraints.sql	OK	
087_a_parity_schema.sql	OK	
087_node_parity_fields.sql	OK	
087_parity_schema.sql	OK	
088_server_parity_fields.sql	OK	
089_egg_parity_fields.sql	OK	
090_allocation_transport.sql	FAIL	psql:/Users/riyaz/forge-plane/forge-test/forge/api/migrations/090_allocation_transport.sql:14: ERROR: relation "allocations_node_ip_port_protocol_key" already exists 
091_seed_minecraft_java.sql	OK	
092_durable_operations.sql	OK	
093_health_check_history.sql	OK	
094_acme_certificates.sql	OK	
095_deployments.sql	OK	
096_dns_providers.sql	OK	
097_git_credentials.sql	OK	
098_app_platform_foundations.sql	OK	
099_deployment_revisions.sql	OK	
100_team_tenancy.sql	OK	
100_z_app_platform_applications.sql	OK	
101_a_multi_node_replicas.sql	OK	
102_a_uncloud_service_model.sql	OK	
103_a_deployment_steps.sql	OK	
103_b_procedures.sql	OK	
104_a_backup_system.sql	FAIL	psql:/Users/riyaz/forge-plane/forge-test/forge/api/migrations/104_a_backup_system.sql:439: ERROR: trigger "backup_config_updated_at_trigger" for relation "backup_configurations" already exists 
104_b_deployment_health_check_host.sql	OK	
105_deployment_version.sql	OK	
106_deployment_unique_active.sql	OK	
107_deployment_execution_lease.sql	OK	
108_compose_stack_indexes.sql	OK	
109_add_replica_columns.sql	OK	
110_node_fencing.sql	OK	
111_routing_rules_websocket.sql	OK	
112_cron_jobs.sql	OK	
113_a_backup_encryption_compression.sql	OK	
113_app_store.sql	OK	
114_a_mtls_certificates.sql	FAIL	psql:/Users/riyaz/forge-plane/forge-test/forge/api/migrations/114_a_mtls_certificates.sql:1: ERROR: type "cert_type" already exists 
114_b_notifications.sql	OK	
114_c_procfile_processes.sql	OK	
114_d_source_deployments.sql	OK	
114_database_service_plugins.sql	OK	
114_e_zero_downtime_deploy.sql	OK	
114_f_git_deployment_tracking.sql	OK	
